ID,BLOCK,TREAT,Genotypes,GENOTYPE,Experiment,EMR.7DAP,EMR.9DAP,EMR.12DAP,NSTM.14DAP,HGT.16DAP,NLEAF.28DAP,NSTM.28DAP,HGT.28DAP,VGR.28DAP,DSTM.28DAP,SPAD.29DAP,HGT.41DAP,VGR.41DAP,NLEAF.41DAP,NSTM.41DAP,DSTM.42DAP,HGT.54DAP,SPAD.59DAP,HGT.70DAP,VGR.75DAP,STRS.75DAP,SPAD.76DAP,DSTEM.76DAP,STRS.83DAP,PRCT.83DAP,SPAD.83DAP,DSTM.84DAP,RWC.84DAP,DRWC,OP.84DAP,HGT.86DAP,LEAFFW,LEAFDW,STEMFW,STEMDW,ROOTFW,ROOTDW,TUBFW,TUBDW,NTUB,root:shoot,TUBDM,BIOMFW,BIOMDW,HI,TDWS,TTRNS,WUE,TWUE,TWA,FTSW,LA,LAR,SLA,RLG,ROOTMS,STOLMS
701,I,wellwater,1,CIP720088,LM06092013,1.00,1.00,1.00,1.00,18.00,14.00,1.00,58.00,3.00,0.64,56.40,97.00,3.00,28.00,1.00,6.73,122.00,46.90,126.00,3.00,5.00,42.10,6.60,7.00,9.00,32.90,6.64,79.82,20.16,-2.00,129.00,6.20,2.03,39.48,2.48,9.00,0.49,84.90,12.79,5.00,0.68,15.06,139.58,17.79,0.72,90.93,2.38,7.48,5.38,2.18,0.90,1065,60,525,25,1,1
702,I,drydown,1,CIP720088,LM06092013,0.00,1.00,1.00,3.00,10.00,24.00,3.00,54.00,3.00,0.60,60.30,33.00,3.00,44.00,3.00,5.83,110.00,51.70,113.00,3.00,3.00,34.00,5.38,9.00,9.00,25.10,4.92,63.73,,-1.97,114.00,9.10,3.37,29.20,2.97,8.74,0.65,80.93,11.63,10.00,0.93,14.37,127.97,18.62,0.62,,2.20,8.48,5.30,0.48,0.37,216,12,64,20,3,3
703,II,drydown,1,CIP720088,LM06092013,1.00,1.00,1.00,1.00,15.00,12.00,1.00,54.00,2.00,0.69,65.50,100.00,5.00,21.00,1.00,7.30,130.00,52.50,137.00,5.00,1.00,48.30,7.28,7.00,7.00,45.60,7.24,69.93,,-2.73,138.00,42.59,4.24,57.39,3.70,24.17,1.52,101.60,19.79,8.00,0.81,19.48,225.75,29.25,0.68,,2.53,11.58,7.84,0.46,0.18,1098,38,259,30,3,5
704,II,wellwater,1,CIP720088,LM06092013,1.00,1.00,1.00,1.00,12.00,11.00,1.00,44.00,1.00,0.51,57.70,74.00,1.00,16.00,1.00,4.97,104.00,50.20,120.00,3.00,1.00,47.10,5.37,1.00,5.00,48.20,5.64,75.73,7.66,-2.30,123.00,33.92,2.57,28.61,1.71,6.16,0.38,73.93,11.81,6.00,1.23,15.97,142.62,16.47,0.72,,1.97,8.38,6.01,1.77,0.88,1069,65,416,25,3,1
705,III,wellwater,1,CIP720088,LM06092013,1.00,1.00,1.00,2.00,22.00,21.00,2.00,60.00,3.00,0.60,59.50,99.00,1.00,34.00,2.00,5.90,122.00,46.90,133.00,3.00,3.00,43.70,6.38,3.00,7.00,36.10,5.40,74.15,15.69,-2.23,131.00,50.75,4.00,67.33,4.78,16.18,1.09,249.91,42.67,6.00,0.68,17.07,384.17,52.54,0.81,48.09,5.84,9.00,7.31,5.64,0.84,1607,31,402,25,5,3
707,IV,wellwater,1,CIP720088,LM06092013,1.00,1.00,1.00,1.00,14.00,14.00,1.00,56.00,3.00,0.65,54.00,101.00,5.00,24.00,1.00,7.52,127.00,50.10,142.00,3.00,1.00,49.10,7.09,1.00,5.00,50.70,7.94,69.44,8.34,-2.33,142.00,67.85,5.99,60.80,4.06,19.38,1.21,222.45,35.35,7.00,1.14,15.89,370.48,46.61,0.76,30.41,4.37,10.66,8.08,4.17,0.84,1989,43,332,30,5,3
709,III,drydown,1,CIP720088,LM06092013,1.00,1.00,1.00,2.00,8.00,17.00,2.00,49.00,3.00,0.70,54.00,92.00,5.00,31.00,2.00,6.52,119.00,54.20,124.00,3.00,3.00,50.60,6.45,5.00,7.00,43.70,6.35,62.52,,-2.43,123.00,32.10,3.35,49.45,3.09,21.89,1.39,113.92,20.52,9.00,0.75,18.01,217.36,28.35,0.72,,2.40,11.83,8.56,0.48,0.23,811,29,242,35,5,3
711,IV,drydown,1,CIP720088,LM06092013,1.00,1.00,1.00,1.00,11.00,12.00,1.00,44.00,1.00,0.48,57.50,67.00,1.00,14.00,1.00,4.32,92.00,49.30,98.00,3.00,3.00,48.70,4.38,1.00,5.00,45.20,4.30,63.65,,-2.90,97.00,25.77,2.26,15.02,0.97,7.29,0.42,58.30,10.75,,1.63,18.44,106.38,14.40,0.75,,1.48,9.70,7.24,0.07,0.44,782,54,346,20,3,1
713,V,wellwater,1,CIP720088,LM06092013,1.00,1.00,1.00,1.00,11.00,13.00,1.00,50.00,3.00,0.65,60.80,91.00,3.00,20.00,1.00,6.41,110.00,49.20,144.00,3.00,3.00,42.30,6.39,3.00,7.00,38.70,6.90,66.63,-19.57,-2.20,118.00,35.95,2.36,18.70,1.71,11.82,0.66,92.15,13.48,7.00,1.00,14.63,158.62,18.21,0.74,109.72,2.30,7.93,5.87,2.10,0.89,1140,63,483,20,1,3
714,V,drydown,1,CIP720088,LM06092013,0.00,1.00,1.00,2.00,9.00,20.00,2.00,44.00,3.00,0.58,62.40,78.00,1.00,29.00,2.00,5.64,105.00,50.80,114.00,3.00,3.00,38.30,5.62,7.00,9.00,23.50,5.72,79.66,,-2.97,116.00,17.08,4.02,23.05,2.71,6.58,0.43,108.61,14.79,8.00,1.28,13.62,155.32,21.95,0.67,,2.21,9.92,,0.36,0.28,496,23,123,28,5,7
716,I,wellwater,2,CIP392797.22,LM06092013,1.00,1.00,1.00,1.00,27.00,19.00,1.00,58.00,5.00,0.80,59.60,105.00,7.00,38.00,1.00,9.00,136.00,42.10,165.00,5.00,3.00,38.70,9.26,3.00,7.00,36.00,9.39,68.81,18.33,-2.30,169.00,172.48,13.69,179.48,11.18,19.92,1.45,214.90,29.93,9.00,1.08,13.93,586.78,56.25,0.53,90.21,5.87,9.59,5.10,5.67,0.84,5546,99,405,28,5,3
717,I,drydown,2,CIP392797.22,LM06092013,1.00,1.00,1.00,1.00,30.00,20.00,1.00,61.00,5.00,0.80,58.70,103.00,7.00,33.00,1.00,8.51,130.00,44.90,148.00,5.00,3.00,39.10,7.79,7.00,7.00,40.20,7.37,56.19,,-3.23,148.00,87.83,10.66,100.70,9.03,16.28,3.50,149.87,27.00,11.00,0.85,18.02,354.68,50.19,0.54,,3.85,13.04,7.02,1.36,0.05,2274,45,213,25,3,3
718,II,drydown,2,CIP392797.22,LM06092013,1.00,1.00,1.00,1.00,27.00,14.00,1.00,61.00,5.00,0.88,56.50,107.00,7.00,31.00,1.00,8.89,140.00,46.80,155.00,5.00,3.00,39.80,9.16,7.00,7.00,43.30,8.55,62.17,,-3.00,152.00,75.70,9.50,89.76,8.33,16.74,3.36,187.84,35.63,8.00,0.81,18.97,370.04,56.82,0.63,,4.26,13.33,8.36,1.78,0.05,2108,37,222,28,3,1
719,II,wellwater,2,CIP392797.22,LM06092013,1.00,1.00,1.00,2.00,25.00,22.00,1.00,60.00,5.00,0.68,58.20,112.00,5.00,37.00,2.00,6.96,143.00,47.50,170.00,3.00,1.00,44.40,7.50,3.00,7.00,32.60,7.23,74.46,16.51,-2.27,171.00,174.31,14.55,185.82,12.63,22.14,1.83,331.90,51.15,13.00,1.01,15.41,714.17,80.16,0.64,69.66,7.37,10.88,6.94,7.17,0.83,5413,68,372,25,3,3
720,III,drydown,2,CIP392797.22,LM06092013,1.00,1.00,1.00,1.00,24.00,12.00,1.00,58.00,5.00,0.78,57.80,99.00,5.00,26.00,1.00,8.23,134.00,41.30,159.00,5.00,3.00,44.30,8.53,5.00,7.00,36.30,7.92,69.85,,-2.83,157.00,81.24,10.03,77.62,7.16,12.70,1.21,148.38,30.19,3.00,1.20,20.35,319.94,48.59,0.62,,3.81,12.74,7.92,1.34,0.03,1954,40,195,15,1,1
723,III,wellwater,2,CIP392797.22,LM06092013,1.00,1.00,1.00,1.00,27.00,16.00,1.00,56.00,5.00,0.75,60.23,98.00,7.00,29.00,1.00,8.62,135.00,41.40,164.00,5.00,1.00,35.10,8.58,3.00,7.00,30.00,8.28,57.28,-21.94,-2.17,162.00,128.35,11.28,119.08,8.56,19.67,1.61,240.57,35.59,12.00,1.11,14.79,507.67,57.04,0.62,84.83,5.50,10.38,6.48,5.30,0.84,,,,25,1,3
724,IV,wellwater,2,CIP392797.22,LM06092013,1.00,1.00,1.00,1.00,20.00,13.00,1.00,54.00,5.00,0.84,57.30,103.00,7.00,22.00,1.00,8.50,143.00,46.30,170.00,7.00,1.00,41.40,9.16,3.00,7.00,35.30,9.26,69.38,14.15,-2.07,169.00,195.04,16.41,156.57,12.20,25.39,2.30,405.48,67.71,10.00,1.13,16.70,782.48,98.62,0.69,,8.13,12.13,8.33,7.93,0.80,5306,54,323,25,3,3
727,V,wellwater,2,CIP392797.22,LM06092013,1.00,1.00,1.00,1.00,27.00,13.00,1.00,59.00,5.00,0.83,57.80,106.00,7.00,25.00,1.00,7.93,142.00,40.90,170.00,5.00,1.00,37.60,8.70,3.00,7.00,36.80,8.70,66.43,5.50,-2.60,171.00,169.17,13.78,127.80,10.76,19.26,1.66,310.31,47.52,8.00,1.11,15.31,626.54,73.72,0.64,58.33,6.96,10.59,6.82,6.76,0.82,5370,73,390,25,3,3
728,IV,drydown,2,CIP392797.22,LM06092013,1.00,1.00,1.00,1.00,26.00,18.00,1.00,55.00,7.00,0.85,57.20,100.00,5.00,36.00,1.00,8.22,130.00,37.70,146.00,5.00,3.00,36.50,8.49,7.00,7.00,37.10,8.38,59.56,,-3.13,145.00,72.33,10.17,93.97,8.37,17.12,1.78,167.06,30.92,8.00,1.00,18.51,350.48,51.24,0.60,,4.07,12.60,7.60,1.53,0.05,1812,35,178,30,3,3
729,V,drydown,2,CIP392797.22,LM06092013,1.00,1.00,1.00,2.00,20.00,23.00,2.00,51.00,3.00,0.60,48.90,93.00,3.00,31.00,2.00,6.42,126.00,47.00,148.00,3.00,3.00,44.50,6.54,7.00,7.00,43.80,6.43,62.78,,-3.13,144.00,94.76,10.28,98.55,8.73,18.57,1.60,153.18,27.72,12.00,1.00,18.10,365.06,48.33,0.57,,3.79,12.76,7.32,1.31,0.07,2148,44,209,20,3,3
732,I,wellwater,3,CIP397077.16,LM06092013,1.00,1.00,1.00,3.00,21.00,21.00,3.00,44.00,3.00,0.73,60.80,75.00,7.00,35.00,3.00,6.86,105.00,47.20,117.00,7.00,1.00,43.60,7.93,1.00,5.00,38.80,7.62,70.73,18.12,-2.43,118.00,279.36,21.08,,7.27,34.45,2.11,243.50,41.47,18.00,2.25,17.03,557.31,71.93,0.58,101.16,5.93,12.13,6.99,5.73,0.85,6210,86,295,20,3,3
734,I,drydown,3,CIP397077.16,LM06092013,1.00,1.00,1.00,2.00,21.00,19.00,2.00,46.00,7.00,0.95,58.00,82.00,7.00,32.00,2.00,8.79,107.00,51.30,108.00,5.00,1.00,44.50,8.61,7.00,9.00,28.90,8.44,57.91,,-2.77,116.00,80.34,12.85,92.83,7.90,27.23,2.69,189.87,41.95,25.00,1.21,22.09,390.27,65.39,0.64,,5.00,13.07,8.39,2.50,0.08,1556,24,121,,,
735,II,drydown,3,CIP397077.16,LM06092013,1.00,1.00,1.00,1.00,11.00,10.00,1.00,33.00,7.00,0.95,62.70,57.00,5.00,16.00,1.00,9.27,76.00,49.80,89.00,7.00,1.00,48.60,10.14,1.00,5.00,44.60,9.71,63.36,,-2.53,92.00,85.75,7.26,53.09,3.11,25.47,1.85,116.91,24.40,13.00,1.46,20.87,281.22,36.62,0.67,,2.98,12.27,8.18,0.72,0.11,1942,53,268,28,5,5
736,III,drydown,3,CIP397077.16,LM06092013,1.00,1.00,1.00,1.00,19.00,12.00,1.00,41.00,7.00,1.00,64.20,77.00,7.00,25.00,1.00,9.87,106.00,51.70,115.00,9.00,1.00,42.90,10.05,5.00,7.00,39.30,10.60,51.21,,-2.93,114.00,107.69,10.56,73.74,5.56,32.13,2.66,175.43,40.64,20.00,1.28,23.17,388.99,59.42,0.68,,4.52,13.13,8.98,2.07,0.02,2301,39,218,40,5,5
737,IV,drydown,3,CIP397077.16,LM06092013,1.00,1.00,1.00,2.00,16.00,17.00,2.00,37.00,5.00,0.77,58.60,70.00,7.00,25.00,2.00,7.53,99.00,49.50,107.00,5.00,1.00,48.50,7.25,5.00,7.00,45.30,6.67,56.90,,-2.87,105.00,93.65,10.58,67.03,5.72,22.11,2.29,197.55,45.43,15.00,1.32,23.00,380.34,64.02,0.71,,4.91,13.05,9.26,2.42,0.01,2238,35,212,35,5,5
738,II,wellwater,3,CIP397077.16,LM06092013,1.00,1.00,1.00,1.00,16.00,12.00,1.00,37.00,7.00,0.93,63.90,65.00,7.00,20.00,1.00,8.54,100.00,50.00,124.00,9.00,1.00,46.50,9.26,1.00,5.00,43.80,9.94,79.81,20.62,-1.40,118.00,158.45,12.48,87.00,4.90,32.56,1.96,220.10,38.76,16.00,1.82,17.61,498.11,58.10,0.67,62.95,4.89,11.87,7.92,4.69,0.86,3966,68,318,30,5,7
739,III,wellwater,3,CIP397077.16,LM06092013,1.00,1.00,1.00,4.00,19.00,26.00,4.00,42.00,5.00,0.75,63.90,71.00,5.00,26.00,4.00,7.19,100.00,49.60,125.00,5.00,1.00,42.20,7.32,1.00,5.00,40.20,7.85,65.92,22.31,-2.40,124.00,244.99,18.40,174.35,10.32,38.76,2.60,334.23,64.12,19.00,1.42,19.18,792.33,95.44,0.67,63.38,7.86,12.14,8.16,7.66,0.79,8867,93,482,30,5,1
741,IV,wellwater,3,CIP397077.16,LM06092013,1.00,1.00,1.00,2.00,20.00,19.00,3.00,45.00,5.00,0.90,62.10,76.00,7.00,43.00,3.00,8.32,107.00,47.20,117.00,5.00,1.00,41.90,8.61,1.00,5.00,38.40,9.19,80.02,28.90,-2.57,114.00,232.35,18.18,142.44,7.53,48.30,3.35,300.58,52.67,15.00,1.67,17.52,723.67,81.73,0.64,86.25,9.25,8.84,5.70,9.05,0.79,8006,98,440,35,5,7
742,V,drydown,3,CIP397077.16,LM06092013,1.00,1.00,1.00,1.00,16.00,13.00,1.00,38.00,7.00,1.00,57.80,59.00,7.00,18.00,1.00,9.53,79.00,54.20,89.00,9.00,1.00,50.10,10.76,1.00,5.00,44.90,9.83,56.19,,-2.40,85.00,92.73,8.28,64.79,3.95,28.37,2.06,118.51,23.80,12.00,1.38,20.08,304.40,38.09,0.62,,2.93,13.01,8.13,0.80,0.19,2274,60,275,25,5,5
744,V,wellwater,3,CIP397077.16,LM06092013,1.00,1.00,1.00,1.00,21.00,12.00,1.00,47.00,7.00,0.90,62.00,83.00,7.00,26.00,1.00,10.40,114.00,50.10,126.00,9.00,1.00,40.80,11.26,1.00,5.00,40.70,11.44,73.12,23.15,-1.83,128.00,213.66,19.16,127.67,7.99,37.60,2.75,331.82,59.92,16.00,1.78,18.06,710.75,89.82,0.67,39.72,7.66,11.72,7.82,7.46,0.80,7225,80,377,40,7,
746,I,drydown,4,CIP398192.213,LM06092013,1.00,1.00,1.00,1.00,21.00,12.00,1.00,46.00,1.00,0.58,54.00,83.00,3.00,27.00,1.00,5.82,115.00,57.80,135.00,3.00,1.00,48.10,7.04,3.00,5.00,46.30,6.95,59.06,,-3.13,135.00,90.46,10.37,116.38,10.44,22.69,2.45,71.07,15.33,7.00,0.80,21.57,300.60,38.59,0.40,,3.71,10.40,4.13,1.23,-0.05,,,,30,3,5
747,II,drydown,4,CIP398192.213,LM06092013,1.00,1.00,1.00,2.00,6.00,26.00,4.00,46.00,7.00,0.80,56.30,92.00,5.00,47.00,4.00,8.04,117.00,45.60,137.00,7.00,1.00,41.80,8.24,3.00,5.00,41.10,8.32,61.48,,-2.43,137.00,118.78,13.28,173.60,14.87,45.71,3.83,89.06,19.80,19.00,0.71,22.23,427.15,51.78,0.38,,4.50,11.51,4.40,1.86,0.03,,,,40,7,7
748,III,drydown,4,CIP398192.213,LM06092013,0.00,1.00,1.00,2.00,13.00,22.00,2.00,51.00,7.00,0.90,53.30,97.00,5.00,58.00,3.00,8.77,124.00,49.40,133.00,7.00,3.00,46.10,8.79,7.00,7.00,44.60,9.04,56.95,,-2.83,138.00,108.87,15.05,143.40,15.37,39.34,5.73,144.38,33.12,10.00,0.71,22.94,435.99,69.27,0.48,,6.43,10.77,5.15,3.76,0.00,3204,46,213,40,7,5
749,I,wellwater,4,CIP398192.213,LM06092013,1.00,1.00,1.00,2.00,18.00,22.00,2.00,45.00,3.00,0.58,57.40,93.00,3.00,32.00,2.00,5.94,133.00,46.20,153.00,5.00,1.00,43.60,7.24,1.00,7.00,42.50,6.65,72.74,18.81,-1.77,162.00,170.59,15.01,246.12,15.32,30.35,2.28,136.78,22.45,8.00,0.85,16.41,583.84,55.06,0.41,68.29,6.39,8.62,3.51,6.19,0.81,7038,128,469,25,5,5
752,IV,drydown,4,CIP398192.213,LM06092013,1.00,1.00,1.00,2.00,19.00,22.00,2.00,57.00,3.00,0.68,58.80,104.00,3.00,54.00,2.00,6.89,136.00,48.50,146.00,3.00,3.00,49.50,7.43,7.00,7.00,49.00,7.43,48.41,,-2.73,148.00,98.49,14.06,147.18,16.26,31.95,3.11,113.71,27.56,12.00,0.73,24.24,391.33,60.99,0.45,,5.97,10.21,4.62,3.39,0.00,2995,49,213,25,7,7
753,II,wellwater,4,CIP398192.213,LM06092013,1.00,1.00,1.00,2.00,23.00,22.00,2.00,62.00,3.00,0.60,58.90,102.00,3.00,45.00,2.00,6.20,128.00,46.50,148.00,5.00,1.00,44.50,6.45,1.00,5.00,43.10,7.15,65.71,6.43,,156.00,210.17,18.44,261.90,18.13,42.55,3.01,211.97,36.06,10.00,0.87,17.01,726.59,75.64,0.48,54.91,8.32,9.09,4.33,8.12,0.78,7983,106,433,30,5,7
754,III,wellwater,4,CIP398192.213,LM06092013,1.00,1.00,1.00,1.00,20.00,13.00,1.00,56.00,3.00,0.73,49.20,103.00,5.00,31.00,1.00,7.48,136.00,47.40,158.00,7.00,1.00,43.90,8.12,1.00,5.00,41.60,8.79,67.73,15.92,-2.50,164.00,203.09,18.22,287.68,24.19,45.47,3.16,206.04,38.02,26.00,0.67,18.45,742.28,83.59,0.45,,8.39,9.97,4.53,8.19,0.78,7579,91,416,35,5,7
755,IV,wellwater,4,CIP398192.213,LM06092013,1.00,1.00,1.00,2.00,14.00,23.00,2.00,53.00,5.00,0.75,55.20,95.00,3.00,44.00,2.00,7.55,122.00,43.10,147.00,5.00,1.00,42.10,8.18,1.00,5.00,40.60,8.46,70.55,31.38,-2.37,151.00,225.69,18.66,246.40,16.97,49.24,3.47,245.95,45.29,7.00,0.91,18.41,767.28,84.39,0.54,60.85,9.43,8.95,4.80,9.23,0.79,,,,30,5,5
757,V,drydown,4,CIP398192.213,LM06092013,0.00,0.00,1.00,1.00,5.00,17.00,2.00,48.00,3.00,0.80,58.60,90.00,5.00,39.00,2.00,7.24,120.00,47.10,138.00,5.00,1.00,48.50,7.96,5.00,7.00,48.50,7.90,62.83,,-2.93,137.00,99.15,11.18,127.19,11.97,32.34,2.98,89.96,19.44,19.00,0.75,21.61,348.64,45.57,0.43,,4.09,11.15,4.76,1.54,0.00,3000,66,268,35,5,5
760,V,wellwater,4,CIP398192.213,LM06092013,1.00,1.00,1.00,2.00,11.00,13.00,1.00,37.00,1.00,0.43,48.90,73.00,1.00,25.00,1.00,4.83,109.00,42.20,143.00,3.00,1.00,41.10,6.09,1.00,5.00,41.30,6.06,70.73,11.17,-1.67,150.00,174.04,14.29,188.71,13.80,22.62,1.70,182.65,28.16,8.00,0.92,15.42,568.02,57.95,0.49,69.03,6.42,9.03,4.39,6.22,0.79,6540,113,458,30,5,5
763,I,drydown,5,CIP398180.612,,1.00,1.00,1.00,1.00,17.00,16.00,2.00,49.00,3.00,0.83,59.80,72.00,5.00,29.00,2.00,7.26,105.00,51.10,124.00,5.00,1.00,47.10,7.11,5.00,7.00,44.70,6.73,51.96,,-2.73,124.00,134.26,16.20,105.33,12.23,91.20,8.75,78.07,18.67,8.00,0.77,23.91,408.86,55.85,0.33,,6.57,8.50,2.84,3.86,-0.02,3192,57,197,40,9,7
765,I,wellwater,5,CIP398180.612,,1.00,1.00,1.00,3.00,15.00,25.00,3.00,44.00,3.00,0.73,57.80,74.00,3.00,42.00,3.00,8.03,102.00,46.20,152.00,5.00,1.00,41.40,7.20,3.00,5.00,42.70,7.77,70.48,26.28,-2.27,163.00,258.60,21.38,262.00,16.27,81.54,4.69,137.86,23.81,16.00,1.02,17.27,740.00,66.15,0.36,78.41,7.94,8.33,3.00,7.74,0.77,8257,125,386,35,7,7
767,II,drydown,5,CIP398180.612,,1.00,1.00,1.00,2.00,12.00,21.00,2.00,45.00,5.00,0.78,59.50,73.00,5.00,38.00,2.00,8.03,110.00,46.80,132.00,5.00,3.00,46.90,7.24,7.00,7.00,45.70,6.36,45.11,,-3.27,132.00,64.78,13.03,107.03,12.34,57.19,6.17,69.11,16.10,15.00,0.70,23.30,298.11,47.64,0.34,,5.61,8.49,2.87,2.92,-0.05,,,,40,7,5
768,III,drydown,5,CIP398180.612,,0.00,1.00,1.00,1.00,15.00,14.00,1.00,45.00,3.00,0.78,55.60,67.00,3.00,21.00,1.00,7.17,94.00,40.90,124.00,5.00,1.00,47.80,8.01,3.00,5.00,44.90,7.84,66.65,,-2.40,124.00,111.94,11.39,100.76,7.79,71.58,5.05,59.66,12.25,10.00,0.89,20.53,343.94,36.48,0.34,,3.37,10.82,3.63,0.92,0.03,,,,40,7,7
769,II,wellwater,5,CIP398180.612,,1.00,1.00,1.00,1.00,19.00,13.00,1.00,45.00,3.00,0.70,60.70,71.00,3.00,27.00,1.00,7.32,100.00,48.20,152.00,5.00,1.00,44.20,8.32,1.00,5.00,41.10,8.17,65.65,31.29,-2.30,165.00,305.17,23.80,282.95,18.97,79.62,5.01,121.09,22.03,9.00,0.99,18.19,788.83,69.81,0.32,73.08,9.25,7.55,2.38,9.05,0.76,9744,140,409,35,7,7
770,III,wellwater,5,CIP398180.612,,0.00,1.00,1.00,1.00,12.00,13.00,1.00,37.00,5.00,0.76,54.80,62.00,5.00,23.00,1.00,8.54,97.00,46.40,150.00,7.00,1.00,44.80,9.13,1.00,5.00,42.20,8.79,64.30,-3.65,-2.07,157.00,264.55,24.04,247.89,17.36,67.09,4.73,136.60,25.72,12.00,1.09,18.83,716.13,71.85,0.36,47.63,7.67,9.37,3.36,7.47,0.74,7181,100,299,40,7,7
771,IV,wellwater,5,CIP398180.612,,1.00,1.00,1.00,1.00,21.00,13.00,1.00,50.00,5.00,0.85,64.40,80.00,5.00,31.00,1.00,8.60,117.00,49.50,146.00,7.00,1.00,47.30,10.07,1.00,5.00,43.50,9.84,67.98,16.74,-2.17,156.00,289.29,22.93,291.66,19.83,100.83,6.44,154.20,27.44,17.00,0.87,17.80,835.98,76.64,0.36,55.58,9.36,8.19,2.93,9.16,0.78,9430,123,411,40,7,7
773,IV,drydown,5,CIP398180.612,,1.00,1.00,1.00,1.00,13.00,12.00,1.00,40.00,5.00,0.78,59.50,67.00,5.00,38.00,1.00,7.50,97.00,51.30,123.00,5.00,1.00,55.70,7.82,5.00,5.00,50.80,8.23,56.60,,-3.37,121.00,122.35,14.40,113.63,11.52,53.66,4.98,69.59,15.25,15.00,0.87,21.91,359.23,46.15,0.33,,4.69,9.85,3.26,2.16,0.03,3062,66,213,40,7,7
774,V,drydown,5,CIP398180.612,,1.00,1.00,1.00,2.00,18.00,20.00,2.00,48.00,3.00,0.85,61.10,72.00,5.00,35.00,2.00,8.03,98.00,49.50,123.00,5.00,1.00,47.10,7.86,5.00,5.00,45.70,7.57,62.85,,-3.17,120.00,130.63,15.03,112.63,11.82,65.99,6.00,92.34,21.13,16.00,0.84,22.88,401.59,53.98,0.39,,4.72,11.44,4.48,2.11,0.02,3146,58,209,42,7,5
775,V,wellwater,5,CIP398180.612,,1.00,1.00,1.00,3.00,19.00,24.00,3.00,49.00,3.00,0.73,58.70,69.00,3.00,34.00,3.00,6.86,105.00,47.40,151.00,3.00,1.00,45.90,7.25,3.00,5.00,42.60,7.56,77.84,19.25,-2.37,154.00,309.27,22.58,270.20,18.16,117.39,6.89,,,,0.90,,696.86,47.63,0.00,,9.24,5.16,,9.04,0.77,,,,40,7,7
776,I,drydown,6,CIP398208.704,,1.00,1.00,1.00,2.00,26.00,19.00,2.00,57.00,3.00,0.70,60.30,89.00,5.00,48.00,2.00,6.50,123.00,44.70,132.00,3.00,3.00,41.70,5.95,7.00,7.00,41.80,5.69,50.77,,-2.87,131.00,71.80,12.28,102.84,11.14,40.90,4.17,117.97,28.74,16.00,0.80,24.36,333.51,56.33,0.51,,5.16,10.92,5.57,2.68,0.02,1658,29,135,28,5,5
777,II,drydown,6,CIP398208.704,,1.00,1.00,1.00,2.00,27.00,22.00,2.00,59.00,3.00,0.60,53.40,91.00,5.00,38.00,2.00,5.78,117.00,41.20,134.00,3.00,1.00,40.50,5.39,5.00,7.00,41.10,4.75,58.38,,-2.53,134.00,83.35,11.26,104.85,11.65,33.52,2.19,87.32,21.59,23.00,0.81,24.73,309.04,46.69,0.46,,5.07,9.22,4.26,2.40,-0.01,,,,40,7,7
778,I,wellwater,6,CIP398208.704,,1.00,1.00,1.00,1.00,28.00,13.00,1.00,63.00,3.00,0.69,51.90,95.00,5.00,37.00,1.00,6.95,124.00,44.50,144.00,5.00,1.00,35.80,7.31,3.00,5.00,34.40,7.03,67.36,24.63,-1.87,148.00,202.98,16.82,191.36,13.07,31.59,2.07,189.30,36.44,8.00,1.11,19.25,615.23,68.40,0.53,78.87,8.21,8.33,4.44,8.01,0.82,7206,105,428,30,5,5
780,II,wellwater,6,CIP398208.704,,1.00,1.00,1.00,2.00,25.00,23.00,3.00,59.00,3.00,0.70,58.50,95.00,5.00,69.00,2.00,6.92,125.00,44.50,144.00,5.00,1.00,37.00,7.49,3.00,5.00,36.90,7.28,69.40,15.88,-2.47,141.00,259.47,19.67,195.45,16.57,66.97,4.18,224.71,70.07,25.00,0.95,31.18,746.60,110.49,0.63,30.81,11.75,9.41,5.97,11.55,0.80,10291,93,523,35,7,7
781,III,wellwater,6,CIP398208.704,,1.00,1.00,1.00,1.00,25.00,16.00,1.00,59.00,3.00,0.96,57.20,96.00,5.00,41.00,1.00,8.85,130.00,41.60,155.00,7.00,1.00,39.30,8.03,3.00,5.00,39.00,9.43,58.68,-11.28,-2.27,149.00,234.07,19.75,195.85,15.19,51.25,3.26,284.16,61.60,16.00,1.07,21.68,765.33,99.80,0.62,43.54,10.17,9.82,6.06,9.97,0.73,8913,89,451,35,7,7
784,IV,wellwater,6,CIP398208.704,,1.00,1.00,1.00,2.00,23.00,17.00,2.00,59.00,3.00,0.70,56.10,92.00,5.00,43.00,2.00,7.21,123.00,41.30,145.00,5.00,1.00,39.80,7.87,3.00,5.00,35.90,7.79,72.81,24.77,-2.33,156.00,245.76,19.88,203.44,14.55,59.80,3.65,243.32,51.44,21.00,1.09,21.14,752.32,89.52,0.57,41.87,9.26,9.67,5.55,9.06,0.78,9794,109,493,,,
786,V,wellwater,6,CIP398208.704,,1.00,1.00,1.00,1.00,28.00,19.00,1.00,65.00,3.00,0.66,57.10,100.00,3.00,41.00,1.00,6.96,115.00,39.00,140.00,5.00,1.00,36.10,7.89,3.00,5.00,36.50,7.93,73.99,20.38,-2.13,148.00,220.48,16.34,167.07,12.03,32.17,2.24,215.81,36.46,10.00,1.15,16.89,635.53,67.07,0.54,101.10,7.70,8.71,4.73,7.50,0.79,8190,122,501,35,5,7
787,III,drydown,6,CIP398208.704,,1.00,1.00,1.00,1.00,25.00,15.00,1.00,60.00,5.00,0.78,55.20,94.00,5.00,39.00,1.00,7.56,110.00,43.30,130.00,7.00,1.00,42.20,7.84,5.00,7.00,45.70,7.25,65.30,,-3.30,132.00,84.62,11.51,94.56,10.02,44.28,4.42,115.78,26.82,16.00,0.80,23.16,339.24,52.77,0.51,,5.02,10.51,5.34,2.38,0.02,1967,37,171,30,7,7
789,IV,drydown,6,CIP398208.704,,1.00,1.00,1.00,1.00,27.00,17.00,2.00,51.00,3.00,0.71,53.00,82.00,3.00,31.00,2.00,7.29,107.00,40.50,126.00,5.00,1.00,47.50,7.15,7.00,5.00,41.70,6.61,54.78,,-3.10,121.00,69.68,9.75,83.28,80.65,22.05,2.60,89.24,21.54,14.00,0.12,24.14,264.25,114.54,0.19,,4.37,26.23,4.93,1.67,-0.01,1821,16,187,35,7,5
790,V,drydown,6,CIP398208.704,,1.00,1.00,1.00,3.00,24.00,24.00,3.00,60.00,1.00,0.78,56.50,95.00,3.00,59.00,2.00,6.76,120.00,39.90,133.00,3.00,1.00,40.90,6.31,7.00,7.00,40.20,5.44,58.91,,-2.97,135.00,75.53,13.25,90.94,11.52,31.76,3.88,150.24,36.86,25.00,0.86,24.53,348.47,65.51,0.56,,5.88,11.14,6.27,3.14,0.02,1772,27,134,30,7,5
791,I,drydown,7,CIP398098.119,LM06092013,1.00,1.00,1.00,3.00,13.00,15.00,3.00,41.00,1.00,0.58,43.90,81.00,3.00,38.00,2.00,6.49,122.00,43.00,144.00,3.00,3.00,46.00,6.96,5.00,5.00,47.30,6.37,57.47,,-2.70,140.00,126.13,14.34,127.60,13.36,26.74,4.25,89.47,21.00,27.00,0.81,23.47,369.94,52.95,0.40,,4.68,11.30,4.48,2.07,0.02,3238,61,226,30,5,3
793,II,drydown,7,CIP398098.119,LM06092013,1.00,1.00,1.00,5.00,26.00,35.00,4.00,60.00,1.00,0.53,51.70,104.00,5.00,60.00,5.00,5.54,136.00,44.40,143.00,3.00,3.00,49.70,4.95,7.00,7.00,42.50,4.92,53.05,,-2.73,144.00,109.97,18.03,130.15,17.02,30.27,3.71,135.86,34.89,19.00,0.87,25.68,406.25,73.65,0.47,,7.08,10.40,4.93,4.47,0.00,3235,44,179,30,7,7
794,III,drydown,7,CIP398098.119,LM06092013,1.00,1.00,1.00,4.00,22.00,36.00,4.00,56.00,3.00,0.76,52.20,99.00,5.00,47.00,4.00,7.08,134.00,44.40,150.00,3.00,3.00,45.00,6.36,7.00,7.00,44.90,5.90,59.01,,-2.87,148.00,115.25,17.31,142.44,16.71,29.62,3.54,140.91,37.41,12.00,0.85,26.55,428.22,74.97,0.50,,6.93,10.82,5.40,4.39,0.03,2962,40,171,28,5,5
796,I,wellwater,7,CIP398098.119,LM06092013,1.00,1.00,1.00,2.00,22.00,19.00,2.00,56.00,3.00,0.77,49.70,107.00,5.00,32.00,2.00,7.36,138.00,44.00,164.00,5.00,1.00,36.60,7.82,3.00,5.00,37.20,8.03,72.95,21.21,-2.77,158.00,177.64,14.07,222.55,16.05,44.55,2.85,251.57,50.34,10.00,0.74,20.01,696.31,83.31,0.60,41.72,9.76,8.54,5.16,9.56,0.80,10919,131,776,40,5,7
797,II,wellwater,7,CIP398098.119,LM06092013,1.00,1.00,1.00,2.00,24.00,20.00,2.00,62.00,5.00,0.78,51.10,110.00,5.00,52.00,2.00,7.51,140.00,43.90,149.00,5.00,1.00,37.80,7.99,3.00,5.00,40.30,8.32,58.57,9.42,-2.47,154.00,311.41,24.46,250.04,19.20,50.29,3.54,311.69,68.89,18.00,1.08,22.10,923.43,116.09,0.59,50.65,11.21,10.35,6.14,11.01,0.77,12296,106,503,40,7,7
799,III,wellwater,7,CIP398098.119,LM06092013,1.00,1.00,1.00,1.00,22.00,14.00,1.00,57.00,3.00,0.82,57.10,99.00,5.00,41.00,1.00,8.22,138.00,41.60,147.00,7.00,1.00,35.80,9.00,3.00,5.00,35.80,9.13,68.54,13.90,-2.50,144.00,273.81,22.04,213.11,16.96,39.84,2.82,305.15,57.22,10.00,1.11,18.75,831.91,99.04,0.58,65.38,11.01,9.00,5.20,10.81,0.78,10765,109,488,35,5,5
800,IV,wellwater,7,CIP398098.119,LM06092013,1.00,1.00,1.00,3.00,28.00,30.00,3.00,65.00,5.00,0.60,52.10,107.00,5.00,48.00,3.00,7.56,136.00,44.70,140.00,5.00,1.00,39.70,7.92,3.00,5.00,38.90,7.39,74.49,29.92,-2.70,141.00,273.64,25.08,208.88,18.17,46.32,3.29,405.55,86.16,20.00,1.17,21.25,934.39,132.70,0.65,,12.30,10.79,7.01,12.10,0.78,8534,64,340,25,5,5
801,IV,drydown,7,CIP398098.119,LM06092013,1.00,1.00,1.00,1.00,23.00,12.00,1.00,59.00,5.00,0.85,54.70,105.00,7.00,41.00,1.00,8.98,137.00,43.10,147.00,7.00,3.00,39.90,8.02,7.00,7.00,43.80,8.24,52.20,,-2.87,147.00,84.68,15.52,101.78,14.02,18.60,3.14,163.91,44.83,10.00,0.90,27.35,368.97,77.51,0.58,,6.97,11.12,6.43,4.35,-0.03,,,,35,7,5
802,V,drydown,7,CIP398098.119,LM06092013,1.00,1.00,1.00,2.00,11.00,17.00,2.00,43.00,3.00,0.68,49.80,89.00,5.00,30.00,2.00,7.30,122.00,47.30,128.00,3.00,3.00,47.20,7.64,5.00,5.00,46.20,7.06,50.79,,-3.17,130.00,103.35,15.06,87.41,10.97,24.44,2.69,160.62,44.54,14.00,1.10,27.73,375.82,73.26,0.61,,5.83,12.57,7.64,3.28,-0.03,2781,38,185,32,5,5
804,V,wellwater,7,CIP398098.119,LM06092013,1.00,1.00,1.00,3.00,15.00,23.00,3.00,50.00,3.00,0.70,47.20,90.00,3.00,35.00,3.00,6.68,128.00,49.00,137.00,5.00,1.00,44.90,7.28,3.00,5.00,45.40,7.66,68.25,25.57,-2.13,139.00,252.56,20.79,171.03,14.22,45.48,2.99,289.72,56.52,13.00,1.21,19.51,758.79,94.52,0.60,78.80,7.89,11.98,7.16,7.69,0.76,8925,94,429,30,5,5
806,I,drydown,8,CIP398190.89,,0.00,1.00,1.00,1.00,6.00,11.00,1.00,46.00,7.00,0.88,58.10,92.00,5.00,35.00,1.00,9.25,123.00,46.40,133.00,7.00,1.00,44.20,9.31,5.00,7.00,41.10,9.76,50.54,,-2.57,132.00,89.92,9.00,128.18,9.84,25.07,2.04,110.42,21.36,5.00,0.76,19.34,353.59,42.24,0.51,,3.57,11.85,5.99,1.17,0.09,3136,74,348,25,3,3
808,I,wellwater,8,CIP398190.89,,0.00,0.00,1.00,2.00,4.00,19.00,3.00,43.00,1.00,0.53,53.30,84.00,3.00,32.00,3.00,5.60,120.00,36.50,140.00,3.00,1.00,38.60,6.42,1.00,5.00,37.50,5.96,70.02,27.82,-2.53,147.00,154.29,12.40,199.82,11.19,21.18,1.55,159.51,19.44,6.00,0.97,12.19,534.80,44.58,0.44,109.88,5.68,7.85,3.42,5.48,0.81,6164,138,497,28,5,3
809,II,wellwater,8,CIP398190.89,,0.00,1.00,1.00,1.00,5.00,10.00,1.00,48.00,5.00,0.78,56.00,91.00,5.00,26.00,1.00,8.27,117.00,45.10,143.00,5.00,1.00,41.70,7.93,3.00,5.00,39.80,7.92,64.62,17.14,-2.03,150.00,245.35,10.20,141.85,8.20,12.51,1.02,161.06,26.29,12.00,1.11,16.32,560.77,45.71,0.58,86.57,5.41,8.45,4.86,5.21,0.85,5171,113,507,25,1,1
810,III,wellwater,8,CIP398190.89,,0.00,0.00,1.00,1.00,4.00,11.00,1.00,46.00,3.00,0.85,55.20,90.00,5.00,21.00,1.00,8.57,123.00,46.70,160.00,7.00,1.00,42.40,8.72,1.00,5.00,42.30,9.08,60.74,13.18,-2.13,160.00,198.51,16.20,224.44,14.77,36.41,2.42,233.07,48.73,14.00,0.94,20.91,692.43,82.12,0.59,,8.01,10.25,6.08,7.81,0.79,6029,73,372,30,5,5
814,II,drydown,8,CIP398190.89,,0.00,1.00,1.00,2.00,9.00,16.00,2.00,47.00,1.00,0.63,51.40,91.00,3.00,34.00,2.00,5.94,126.00,48.20,132.00,3.00,1.00,42.30,6.51,5.00,7.00,39.70,6.18,53.54,,-3.13,132.00,81.47,8.42,97.86,7.44,21.52,1.89,102.13,22.76,8.00,0.90,22.29,302.98,40.51,0.56,,3.67,11.04,6.20,1.18,0.03,2941,73,349,28,5,3
815,III,drydown,8,CIP398190.89,,1.00,1.00,1.00,2.00,12.00,22.00,3.00,50.00,1.00,0.62,54.30,100.00,1.00,40.00,3.00,6.22,125.00,48.80,134.00,3.00,3.00,45.40,5.48,7.00,7.00,39.20,5.61,52.73,,-3.00,132.00,56.29,10.68,100.47,11.27,16.76,2.18,145.63,30.86,16.00,0.79,21.19,319.15,54.99,0.56,,5.63,9.77,5.49,3.03,0.02,,,,25,5,3
817,IV,drydown,8,CIP398190.89,,0.00,1.00,1.00,2.00,8.00,19.00,2.00,46.00,1.00,0.53,54.20,87.00,3.00,33.00,2.00,5.57,116.00,46.60,123.00,3.00,1.00,42.00,5.37,5.00,7.00,40.50,5.43,51.29,,-2.83,121.00,62.62,7.84,71.53,6.58,21.51,1.92,115.56,26.09,4.00,0.92,22.58,271.22,42.43,0.61,,4.12,10.30,6.33,1.56,0.00,2541,60,324,32,5,3
818,IV,wellwater,8,CIP398190.89,,1.00,1.00,1.00,1.00,7.00,8.00,1.00,27.00,1.00,0.48,53.90,62.00,1.00,12.00,1.00,5.05,95.00,43.20,116.00,3.00,1.00,39.50,5.38,1.00,5.00,35.30,5.27,78.15,34.37,-1.97,115.00,107.94,8.94,79.77,5.03,11.82,0.80,128.54,20.38,7.00,1.53,15.85,328.07,35.15,0.58,128.02,3.29,10.68,6.19,3.07,0.85,4743,135,531,35,3,1
819,V,drydown,8,CIP398190.89,,0.00,1.00,1.00,1.00,7.00,11.00,1.00,53.00,3.00,0.77,56.90,95.00,3.00,27.00,1.00,7.04,120.00,45.80,122.00,3.00,1.00,41.60,7.27,3.00,5.00,39.70,7.19,60.11,,-2.63,125.00,83.38,8.11,61.48,6.36,21.16,1.50,138.43,31.69,4.00,1.03,22.89,304.45,47.66,0.66,,3.50,13.62,9.06,0.98,0.08,2909,61,359,28,5,3
820,V,wellwater,8,CIP398190.89,,1.00,1.00,1.00,1.00,9.00,12.00,1.00,54.00,3.00,0.80,61.00,103.00,5.00,40.00,1.00,8.16,130.00,47.10,155.00,7.00,3.00,41.30,8.39,3.00,7.00,38.30,8.80,75.17,20.03,-2.87,158.00,107.64,10.54,190.62,11.74,23.40,1.72,244.24,34.49,11.00,0.78,14.12,565.90,58.49,0.59,91.88,7.17,8.15,4.81,6.97,0.86,4249,73,403,25,5,5
822,I,wellwater,9,CIP398192.592,,1.00,1.00,1.00,2.00,17.00,32.00,4.00,68.00,3.00,0.82,50.00,120.00,3.00,48.00,4.00,7.35,153.00,46.70,170.00,5.00,3.00,39.60,7.86,3.00,7.00,41.00,7.45,63.83,2.52,-2.10,166.00,214.77,19.18,262.88,19.60,81.74,4.62,238.80,40.62,7.00,0.79,17.01,798.19,84.02,0.48,54.68,8.82,9.52,4.60,8.62,0.80,7194,86,375,40,7,7
824,I,drydown,9,CIP398192.592,,1.00,1.00,1.00,3.00,24.00,28.00,3.00,67.00,3.00,0.68,56.30,110.00,3.00,56.00,3.00,7.36,138.00,45.00,152.00,3.00,1.00,39.20,6.79,5.00,7.00,42.50,6.45,62.22,,-2.50,152.00,107.02,13.16,118.92,13.91,64.44,6.17,93.24,22.21,11.00,0.66,23.82,383.62,55.45,0.40,,4.89,11.35,4.55,2.39,0.01,,,,35,7,7
826,II,drydown,9,CIP398192.592,,1.00,1.00,1.00,2.00,12.00,38.00,6.00,57.00,1.00,0.73,47.00,96.00,6.00,47.00,6.00,6.26,129.00,44.30,140.00,3.00,3.00,40.90,5.60,7.00,7.00,39.70,5.47,54.79,,-3.20,128.00,93.88,14.70,129.96,16.82,55.66,6.47,108.75,23.44,27.00,0.63,21.55,388.25,61.43,0.38,,6.32,9.73,3.71,3.75,-0.03,2439,40,166,40,7,3
827,II,wellwater,9,CIP398192.592,,1.00,1.00,1.00,2.00,20.00,24.00,2.00,59.00,3.00,0.63,56.50,113.00,2.00,36.00,2.00,6.37,148.00,48.60,164.00,5.00,1.00,41.10,6.74,1.00,5.00,39.70,7.16,69.17,20.79,-1.97,162.00,198.77,14.90,199.32,17.81,80.83,5.03,189.11,31.66,12.00,0.65,16.74,668.03,69.40,0.46,74.04,7.92,8.76,4.00,7.72,0.78,6111,88,410,35,7,7
829,III,wellwater,9,CIP398192.592,,1.00,1.00,1.00,2.00,20.00,17.00,2.00,60.00,1.00,0.65,58.70,100.00,2.00,31.00,2.00,7.27,128.00,44.70,154.00,5.00,1.00,43.00,7.63,1.00,7.00,39.60,8.66,62.34,2.29,-2.07,161.00,206.82,19.55,208.10,19.78,96.37,6.24,279.44,53.58,19.00,0.75,19.17,790.73,99.15,0.54,35.85,10.36,9.57,5.17,10.16,0.74,7164,72,366,40,7,7
830,IV,wellwater,9,CIP398192.592,,1.00,1.00,1.00,1.00,18.00,15.00,1.00,61.00,5.00,0.86,57.70,105.00,1.00,31.00,1.00,8.80,135.00,42.50,160.00,7.00,1.00,39.80,8.69,1.00,5.00,36.50,9.99,67.87,23.32,-2.27,172.00,223.58,18.97,249.46,19.87,114.34,7.36,176.81,34.09,7.00,0.70,19.28,764.19,80.29,0.42,59.96,9.29,8.64,3.67,9.09,0.75,8013,100,422,40,7,7
831,V,wellwater,9,CIP398192.592,,1.00,1.00,1.00,2.00,18.00,23.00,2.00,69.00,3.00,0.85,54.80,123.00,2.00,43.00,2.00,8.19,152.00,44.10,175.00,5.00,1.00,41.00,8.69,1.00,5.00,35.90,9.09,68.47,13.06,-2.63,158.00,241.18,20.24,217.59,17.61,82.07,5.35,354.13,61.34,15.00,0.88,17.32,894.97,104.54,0.59,,11.32,9.23,5.42,11.12,0.75,8604,82,425,40,7,7
832,III,drydown,9,CIP398192.592,,1.00,1.00,1.00,2.00,16.00,15.00,2.00,53.00,1.00,0.59,52.90,86.00,2.00,28.00,2.00,5.77,117.00,45.80,140.00,3.00,1.00,43.80,6.45,3.00,5.00,40.90,6.80,60.91,,-3.10,138.00,106.43,11.78,92.99,9.19,62.35,5.48,86.02,19.21,16.00,0.80,22.33,347.79,45.66,0.42,,4.47,10.22,4.30,1.90,-0.01,2425,53,206,40,7,7
834,IV,drydown,9,CIP398192.592,,1.00,1.00,1.00,3.00,16.00,25.00,3.00,55.00,1.00,0.55,51.60,101.00,3.00,36.00,3.00,5.65,127.00,50.50,144.00,3.00,1.00,39.20,5.78,5.00,7.00,45.50,5.94,52.04,,-3.03,148.00,91.13,12.61,92.53,12.30,35.33,4.06,86.33,20.44,16.00,0.77,23.68,305.32,49.41,0.41,,5.49,9.00,3.72,2.84,-0.05,,,,,,
835,V,drydown,9,CIP398192.592,,1.00,1.00,1.00,2.00,18.00,15.00,1.00,65.00,5.00,0.88,56.30,112.00,1.00,34.00,1.00,8.62,143.00,49.70,140.00,7.00,1.00,51.30,8.70,5.00,7.00,46.80,8.69,59.53,,-3.13,158.00,80.81,11.42,116.82,14.22,42.20,4.65,,,,0.61,,239.83,30.29,0.00,,5.48,5.52,,2.94,-0.05,2488,82,218,35,7,7
851,I,wellwater,10,CIP398201.510,,1.00,1.00,1.00,4.00,16.00,32.00,4.00,45.00,3.00,0.58,56.40,79.00,4.00,59.00,4.00,6.11,110.00,49.80,133.00,3.00,3.00,43.10,6.70,1.00,5.00,48.50,6.61,72.77,15.06,-1.73,140.00,222.60,18.58,201.86,12.52,112.96,6.40,181.18,25.48,23.00,0.98,14.06,718.60,62.98,0.40,15.89,7.51,8.38,3.39,7.31,0.83,6998,111,377,35,7,7
853,I,drydown,10,CIP398201.510,,1.00,1.00,1.00,1.00,9.00,10.00,1.00,31.00,3.00,0.60,60.00,57.00,1.00,18.00,1.00,5.94,80.00,56.30,108.00,3.00,1.00,56.00,7.01,1.00,5.00,54.40,7.25,61.81,,-2.33,114.00,78.68,7.69,66.60,5.14,88.59,5.44,30.82,4.05,7.00,0.73,13.14,264.69,22.32,0.18,,2.42,9.21,1.67,0.36,0.19,2320,104,302,40,5,5
854,II,drydown,10,CIP398201.510,,1.00,1.00,1.00,1.00,18.00,14.00,1.00,44.00,5.00,0.81,63.10,77.00,1.00,28.00,1.00,8.31,103.00,54.00,123.00,7.00,1.00,54.00,8.65,3.00,5.00,48.30,9.27,51.05,,-2.93,123.00,109.22,12.76,117.46,10.31,112.40,6.95,54.10,10.52,,0.74,19.45,393.18,40.54,0.26,,4.07,9.97,2.59,1.55,0.04,2279,56,179,45,7,7
855,III,drydown,10,CIP398201.510,,1.00,1.00,1.00,2.00,18.00,24.00,2.00,44.00,3.00,0.68,64.50,71.00,2.00,38.00,2.00,5.83,93.00,54.10,115.00,5.00,1.00,56.70,8.02,5.00,5.00,58.60,7.22,53.00,,-2.80,114.00,108.54,14.07,108.22,10.10,96.57,8.50,69.82,14.55,13.00,0.76,20.84,383.15,47.22,0.31,,4.62,10.22,3.15,2.07,0.01,2551,54,181,40,7,7
856,IV,drydown,10,CIP398201.510,,1.00,1.00,1.00,1.00,17.00,15.00,1.00,42.00,3.00,0.75,64.20,71.00,1.00,29.00,1.00,8.37,90.00,50.90,110.00,5.00,1.00,55.10,8.33,3.00,5.00,44.50,8.29,47.79,,-2.57,112.00,86.66,12.12,83.84,8.44,62.20,6.12,80.50,17.49,11.00,0.83,21.73,313.20,44.17,0.40,,4.44,9.96,3.94,1.73,-0.07,2021,46,167,40,7,7
859,V,drydown,10,CIP398201.510,,1.00,1.00,1.00,2.00,15.00,23.00,3.00,39.00,3.00,0.69,64.20,64.00,3.00,38.00,3.00,7.27,87.00,52.20,104.00,5.00,1.00,53.30,6.75,3.00,5.00,52.80,6.88,48.54,,-2.93,104.00,95.52,11.25,85.57,8.17,67.65,5.47,88.47,18.90,22.00,0.82,21.36,337.21,43.79,0.43,,3.65,12.00,5.18,1.11,0.00,2698,62,240,40,7,7
861,II,wellwater,10,CIP398201.510,,1.00,1.00,1.00,3.00,17.00,27.00,3.00,42.00,5.00,0.70,61.30,71.00,3.00,42.00,3.00,7.00,98.00,48.90,130.00,5.00,1.00,44.30,7.94,1.00,5.00,44.00,8.31,68.77,25.76,-2.03,138.00,219.56,18.63,196.25,12.48,116.86,6.45,157.85,21.96,12.00,0.98,13.91,690.52,59.52,0.37,47.91,6.75,8.82,3.25,6.55,0.76,7310,123,392,40,7,7
862,III,wellwater,10,CIP398201.510,,1.00,1.00,1.00,1.00,17.00,15.00,1.00,41.00,5.00,0.70,62.40,72.00,3.00,30.00,3.00,7.19,96.00,44.40,130.00,5.00,1.00,44.60,8.90,1.00,5.00,39.40,9.41,58.45,9.34,-2.67,133.00,205.16,16.92,161.43,11.61,95.30,5.56,240.69,39.26,15.00,0.99,16.31,702.58,73.35,0.54,,8.85,8.29,4.44,8.65,0.78,7013,96,414,40,7,7
864,IV,wellwater,10,CIP398201.510,,1.00,1.00,1.00,2.00,17.00,24.00,2.00,44.00,3.00,0.64,60.70,66.00,2.00,40.00,2.00,6.33,90.00,48.80,124.00,5.00,1.00,47.20,7.37,1.00,5.00,48.10,34.07,62.46,23.49,-2.63,135.00,230.82,20.29,187.13,14.28,130.53,7.33,188.55,26.72,6.00,0.94,14.17,737.03,68.62,0.39,65.46,7.11,9.65,3.76,6.91,0.74,7644,111,377,35,7,7
865,V,wellwater,10,CIP398201.510,,1.00,1.00,1.00,2.00,9.00,20.00,2.00,33.00,3.00,0.55,62.80,59.00,2.00,33.00,2.00,5.55,86.00,49.80,114.00,5.00,1.00,46.20,6.67,1.00,5.00,45.30,6.86,62.03,21.75,-2.57,123.00,224.80,17.83,159.54,11.18,109.73,6.27,215.75,28.52,13.00,1.02,13.22,709.82,63.80,0.45,66.27,7.07,9.02,4.03,6.87,0.73,7470,117,419,40,9,9
866,I,wellwater,11,CIP398203.244,,1.00,1.00,1.00,2.00,29.00,26.00,2.00,59.00,5.00,0.79,60.50,107.00,2.00,43.00,2.00,9.01,137.00,53.50,166.00,7.00,1.00,46.40,8.79,3.00,5.00,48.80,9.13,67.52,15.42,-2.07,174.00,246.33,21.92,328.40,26.46,65.11,4.82,75.14,12.21,9.00,0.70,16.25,714.98,65.41,0.19,42.34,7.42,8.82,1.65,7.22,0.83,6857,105,313,30,7,7
867,II,wellwater,11,CIP398203.244,,1.00,1.00,1.00,1.00,25.00,15.00,1.00,54.00,5.00,0.69,63.90,93.00,1.00,28.00,1.00,8.22,117.00,51.40,163.00,5.00,1.00,47.70,8.61,3.00,5.00,46.30,9.07,71.26,16.10,-2.33,175.00,239.46,21.90,315.56,24.35,51.51,4.02,64.05,9.58,3.00,0.77,14.96,670.58,59.85,0.16,24.74,6.33,9.46,1.51,6.13,0.81,6939,116,317,40,5,7
868,III,wellwater,11,CIP398203.244,,1.00,1.00,1.00,1.00,27.00,16.00,1.00,54.00,3.00,0.80,64.30,93.00,1.00,29.00,1.00,7.97,122.00,48.00,172.00,5.00,1.00,48.10,9.19,1.00,5.00,47.00,9.38,64.75,10.37,,178.00,246.19,23.37,317.25,29.49,88.60,6.63,97.32,15.66,14.00,0.65,16.09,749.36,75.15,0.21,27.59,7.52,9.99,2.08,7.32,0.77,6577,88,281,40,7,7
869,I,drydown,11,CIP398203.244,,1.00,1.00,1.00,4.00,24.00,34.00,4.00,54.00,3.00,0.73,59.70,89.00,4.00,57.00,4.00,7.28,114.00,55.90,143.00,3.00,3.00,62.00,7.60,5.00,5.00,52.70,7.67,57.10,,-2.53,141.00,141.26,17.62,176.49,16.22,54.24,5.57,23.91,5.17,3.00,0.81,21.62,395.90,44.58,0.12,,4.10,10.88,1.26,1.57,0.00,3382,76,192,40,7,7
870,II,drydown,11,CIP398203.244,,1.00,1.00,1.00,3.00,25.00,30.00,3.00,57.00,5.00,0.79,61.00,100.00,3.00,50.00,3.00,7.66,130.00,56.60,155.00,5.00,3.00,56.80,8.17,5.00,5.00,57.50,8.53,59.79,,-3.23,150.00,149.09,19.89,220.09,21.19,57.05,4.04,10.55,2.37,2.00,0.79,22.46,436.78,47.49,0.05,,4.36,10.88,0.54,1.86,0.00,3199,67,161,,,
873,III,drydown,11,CIP398203.244,,1.00,1.00,1.00,1.00,20.00,16.00,1.00,51.00,5.00,0.74,64.20,91.00,1.00,28.00,1.00,8.34,120.00,51.00,150.00,5.00,1.00,55.40,9.11,5.00,5.00,53.10,9.34,58.03,,-2.93,157.00,123.82,14.82,178.63,17.45,49.87,5.18,20.61,4.32,3.00,0.65,20.96,372.93,41.77,0.10,,3.94,10.59,1.10,1.28,-0.03,,,,40,5,7
874,IV,drydown,11,CIP398203.244,,1.00,1.00,1.00,3.00,15.00,22.00,3.00,47.00,3.00,0.59,53.30,86.00,2.00,36.00,2.00,6.07,115.00,51.40,155.00,3.00,1.00,54.60,6.66,5.00,5.00,54.20,6.71,62.77,,-2.27,154.00,127.64,16.19,177.85,17.45,42.35,4.64,24.48,5.68,5.00,0.73,23.20,372.32,43.96,0.13,,4.57,9.61,1.24,1.93,-0.02,3550,81,219,35,7,7
875,IV,wellwater,11,CIP398203.244,,1.00,1.00,1.00,2.00,29.00,24.00,2.00,62.00,5.00,0.82,64.70,114.00,2.00,37.00,2.00,8.25,140.00,53.80,162.00,5.00,1.00,50.10,9.03,3.00,5.00,48.60,9.51,62.10,-1.09,-1.87,174.00,286.17,26.84,352.99,33.52,100.07,8.33,179.67,34.79,6.00,0.64,19.36,918.90,103.48,0.34,,10.27,10.08,3.39,10.07,0.79,7864,76,293,40,7,7
876,V,drydown,11,CIP398203.244,,1.00,1.00,1.00,2.00,26.00,20.00,2.00,51.00,3.00,0.58,58.30,83.00,2.00,34.00,2.00,6.13,98.00,54.80,152.00,3.00,1.00,53.10,6.57,3.00,5.00,55.30,7.03,60.17,,-2.27,133.00,117.03,14.81,115.62,13.12,42.04,4.46,57.00,12.78,5.00,0.84,22.42,331.69,45.17,0.28,,3.71,12.17,3.44,1.03,-0.06,3160,70,213,40,5,7
879,V,wellwater,11,CIP398203.244,,1.00,1.00,1.00,3.00,19.00,27.00,3.00,49.00,3.00,0.53,54.90,85.00,3.00,41.00,3.00,5.61,110.00,53.30,152.00,5.00,1.00,46.80,6.47,3.00,5.00,42.40,6.00,70.46,14.61,-2.00,177.00,285.32,22.91,314.97,23.77,54.01,3.97,89.91,13.72,10.00,0.83,15.26,744.21,64.37,0.21,,7.23,8.91,1.90,7.03,0.78,9040,140,395,30,7,7
881,I,wellwater,12,CIP398203.5,LM06092013,1.00,1.00,1.00,2.00,19.00,22.00,2.00,54.00,5.00,0.73,52.70,86.00,2.00,33.00,2.00,7.61,108.00,45.70,146.00,5.00,1.00,39.30,7.83,1.00,5.00,39.80,7.65,73.44,11.57,-2.07,151.00,130.31,11.16,135.66,8.54,25.71,1.75,86.04,13.17,8.00,1.08,15.31,377.72,34.62,0.38,,4.14,8.37,3.18,3.94,0.85,4631,134,415,30,5,3
883,II,wellwater,12,CIP398203.5,LM06092013,1.00,1.00,1.00,3.00,19.00,28.00,3.00,49.00,3.00,0.62,51.00,83.00,2.00,44.00,2.00,6.49,110.00,49.20,154.00,3.00,1.00,43.60,6.16,1.00,5.00,39.90,6.22,67.33,6.20,-2.50,152.00,193.24,15.66,179.72,12.58,31.16,2.50,187.78,29.09,13.00,1.04,15.49,591.90,59.83,0.49,35.06,6.94,8.62,4.19,6.74,0.75,6478,108,414,35,7,5
884,I,drydown,12,CIP398203.5,LM06092013,1.00,1.00,1.00,2.00,21.00,17.00,2.00,50.00,5.00,0.70,55.50,84.00,2.00,36.00,2.00,7.34,104.00,49.70,120.00,3.00,1.00,47.10,8.04,3.00,5.00,44.20,7.87,64.94,,-2.40,123.00,92.95,8.84,87.93,6.58,24.82,2.00,70.77,13.51,7.00,1.03,19.09,276.47,30.93,0.44,,2.90,10.65,4.65,0.55,0.10,2450,79,277,40,5,1
885,III,wellwater,12,CIP398203.5,LM06092013,1.00,1.00,1.00,1.00,27.00,14.00,1.00,59.00,3.00,0.71,51.60,91.00,1.00,43.00,1.00,7.13,115.00,47.50,155.00,5.00,1.00,42.20,7.17,1.00,5.00,41.40,7.50,64.26,6.99,-2.00,155.00,172.60,15.03,170.35,12.12,24.49,1.81,170.08,27.18,11.00,1.08,15.98,537.52,56.14,0.48,61.81,6.36,8.83,4.28,6.14,0.82,5163,92,343,35,5,3
887,IV,wellwater,12,CIP398203.5,LM06092013,1.00,1.00,1.00,3.00,25.00,30.00,3.00,55.00,3.00,0.70,52.60,89.00,3.00,51.00,2.00,6.73,118.00,45.60,155.00,5.00,1.00,40.90,7.19,1.00,5.00,37.60,7.22,71.55,11.72,-2.00,162.00,212.67,17.71,216.80,14.01,33.76,2.48,156.96,25.48,14.00,1.07,16.23,620.19,59.68,0.43,69.35,7.04,8.48,3.62,6.84,0.81,7392,124,417,35,5,3
888,II,drydown,12,CIP398203.5,LM06092013,1.00,1.00,1.00,1.00,20.00,13.00,1.00,53.00,5.00,0.77,53.10,85.00,3.00,30.00,1.00,7.29,100.00,48.50,123.00,5.00,1.00,43.60,7.85,1.00,5.00,42.90,7.54,63.15,,-2.83,133.00,87.53,9.51,106.35,8.46,30.99,2.13,59.12,10.20,9.00,0.90,17.25,283.99,30.30,0.34,,2.86,10.58,3.56,0.40,0.05,2966,98,312,30,5,3
889,III,drydown,12,CIP398203.5,LM06092013,0.00,1.00,1.00,3.00,14.00,30.00,4.00,49.00,3.00,0.60,51.90,79.00,3.00,55.00,4.00,5.78,118.00,47.60,127.00,3.00,1.00,43.90,6.43,3.00,5.00,44.90,6.33,59.77,,-2.80,127.00,95.24,10.35,120.58,9.76,30.50,4.15,78.46,16.80,11.00,0.74,21.41,324.78,41.06,0.41,,3.83,10.72,4.39,1.34,0.03,2487,61,240,35,5,3
890,V,wellwater,12,CIP398203.5,LM06092013,1.00,1.00,1.00,2.00,25.00,22.00,2.00,55.00,3.00,0.77,51.40,88.00,3.00,40.00,2.00,7.73,112.00,47.30,147.00,7.00,1.00,41.70,8.07,1.00,5.00,41.10,7.91,69.75,6.82,-2.37,150.00,178.81,16.00,171.23,12.14,28.49,2.37,183.78,30.23,10.00,1.10,16.45,562.31,60.74,0.50,44.39,6.33,9.60,4.78,6.13,0.77,5234,86,327,30,5,3
892,IV,drydown,12,CIP398203.5,LM06092013,1.00,1.00,1.00,1.00,16.00,16.00,1.00,47.00,3.00,0.78,52.70,83.00,5.00,36.00,1.00,7.28,108.00,49.80,135.00,5.00,1.00,45.90,7.65,3.00,5.00,47.90,7.74,63.16,,-3.03,137.00,83.59,9.42,102.71,8.63,24.16,2.10,80.07,17.67,13.00,0.88,22.07,290.53,37.82,0.47,,3.54,10.69,4.99,1.03,0.00,2619,69,278,35,5,3
895,V,drydown,12,CIP398203.5,LM06092013,1.00,1.00,1.00,2.00,23.00,26.00,2.00,50.00,3.00,0.63,57.80,84.00,3.00,41.00,2.00,6.64,105.00,47.60,133.00,3.00,1.00,43.20,7.15,3.00,5.00,44.20,6.68,65.00,,-2.37,134.00,100.03,9.81,91.50,8.39,24.48,2.04,62.90,13.42,,0.94,21.34,278.91,33.66,0.40,,3.55,9.49,3.78,1.00,0.02,3063,91,312,35,3,1
898,I,wellwater,13,CIP398208.219,LM06092013,1.00,1.00,1.00,3.00,20.00,21.00,3.00,49.00,1.00,0.44,43.80,83.00,3.00,35.00,3.00,5.05,120.00,39.50,155.00,3.00,1.00,39.70,6.09,1.00,5.00,34.50,5.57,78.23,29.03,-2.00,157.00,183.88,14.70,186.28,12.80,23.19,1.59,124.68,18.95,10.00,1.02,15.20,518.03,48.04,0.39,,5.68,8.45,3.34,5.48,0.83,8569,178,583,,,
899,II,wellwater,13,CIP398208.219,LM06092013,1.00,1.00,1.00,3.00,13.00,28.00,3.00,67.00,5.00,0.83,48.80,114.00,5.00,67.00,3.00,7.60,140.00,36.50,155.00,7.00,1.00,36.40,8.13,1.00,5.00,33.30,8.32,72.21,16.24,-2.27,161.00,266.27,20.38,283.32,20.75,57.83,3.44,245.01,46.89,15.00,0.84,19.14,852.43,91.46,0.51,58.69,9.34,9.79,5.02,9.14,0.77,10812,118,531,30,5,7
901,III,wellwater,13,CIP398208.219,LM06092013,1.00,1.00,1.00,5.00,28.00,42.00,5.00,81.00,3.00,0.70,48.10,125.00,3.00,93.00,5.00,7.02,154.00,40.50,160.00,5.00,1.00,36.20,6.99,3.00,7.00,33.90,6.90,75.63,34.54,-2.33,156.00,214.35,19.78,245.79,19.29,30.38,2.58,353.95,76.86,12.00,0.90,21.71,844.47,118.51,0.65,35.05,10.40,11.40,7.39,10.20,0.81,8867,75,448,28,5,3
902,I,drydown,13,CIP398208.219,LM06092013,0.00,1.00,1.00,1.00,20.00,30.00,2.00,66.00,7.00,0.92,47.90,103.00,5.00,73.00,2.00,9.29,127.00,42.50,136.00,7.00,3.00,40.40,8.46,5.00,7.00,39.90,6.43,55.51,,-3.10,138.00,105.37,13.55,140.40,13.73,27.68,2.85,112.56,25.92,7.00,0.82,23.03,386.01,56.05,0.46,,5.40,10.38,4.80,2.86,-0.01,3010,54,222,30,3,1
903,II,drydown,13,CIP398208.219,LM06092013,1.00,1.00,1.00,3.00,28.00,27.00,3.00,72.00,5.00,0.70,45.20,120.00,3.00,51.00,3.00,7.78,148.00,41.50,150.00,3.00,3.00,43.80,7.53,7.00,7.00,42.40,7.19,60.49,,-3.07,163.00,95.11,14.10,126.00,15.02,20.63,0.52,123.54,27.52,8.00,0.91,22.28,365.28,57.16,0.48,,5.49,10.41,5.01,3.02,0.03,2511,44,178,28,7,5
905,III,drydown,13,CIP398208.219,LM06092013,1.00,1.00,1.00,2.00,20.00,19.00,2.00,63.00,3.00,0.58,45.80,110.00,3.00,43.00,2.00,6.48,135.00,40.40,142.00,5.00,3.00,37.70,6.86,7.00,7.00,38.50,6.92,49.50,,-3.33,146.00,98.29,13.52,108.94,12.53,36.85,3.68,110.10,26.94,8.00,0.83,24.47,354.18,56.67,0.48,,4.88,11.61,5.52,2.32,-0.04,3264,58,241,30,5,7
906,IV,drydown,13,CIP398208.219,LM06092013,1.00,1.00,1.00,2.00,19.00,20.00,2.00,66.00,3.00,0.70,48.20,101.00,5.00,50.00,2.00,7.09,135.00,43.30,140.00,5.00,3.00,44.10,6.84,7.00,7.00,39.90,7.25,56.19,,-3.27,142.00,75.55,11.68,113.81,12.56,16.62,1.96,106.45,26.66,6.00,0.80,25.04,312.43,52.86,0.50,,4.92,10.74,5.41,2.48,-0.01,2890,55,247,28,5,5
907,IV,wellwater,13,CIP398208.219,LM06092013,1.00,1.00,1.00,3.00,21.00,21.00,3.00,69.00,3.00,0.67,51.10,112.00,3.00,61.00,3.00,7.26,136.00,43.40,152.00,3.00,1.00,37.20,7.41,1.00,5.00,35.50,7.35,71.44,21.34,-2.07,148.00,266.99,22.19,246.93,18.84,49.82,3.24,294.58,57.32,16.00,1.00,19.46,858.32,101.59,0.56,46.51,10.19,9.97,5.63,9.99,0.81,10306,101,464,28,5,7
908,V,wellwater,13,CIP398208.219,LM06092013,1.00,1.00,1.00,3.00,25.00,23.00,3.00,64.00,3.00,0.55,43.50,114.00,3.00,48.00,3.00,6.13,138.00,39.80,150.00,3.00,3.00,35.00,6.96,3.00,5.00,37.80,7.02,74.04,27.00,-2.37,163.00,248.14,19.77,220.51,17.46,38.29,2.83,298.57,62.54,8.00,0.97,20.95,805.51,102.60,0.61,,10.05,10.21,6.23,9.85,0.77,9791,95,495,25,5,7
910,V,drydown,13,CIP398208.219,LM06092013,0.00,0.00,1.00,1.00,9.00,10.00,1.00,52.00,3.00,0.63,46.90,95.00,3.00,24.00,1.00,6.18,120.00,41.40,140.00,3.00,1.00,39.80,7.00,5.00,5.00,41.40,6.97,54.05,,-2.80,140.00,97.38,11.25,81.71,8.79,22.50,1.85,87.68,22.34,7.00,1.06,25.48,289.27,44.23,0.51,,3.52,12.58,6.35,0.99,0.03,3219,73,286,35,3,5
911,I,wellwater,14,CIP398208.33,LM06092013,1.00,1.00,1.00,3.00,19.00,32.00,3.00,55.00,5.00,0.87,57.00,90.00,3.00,61.00,3.00,7.71,125.00,44.30,148.00,7.00,1.00,41.30,8.08,3.00,7.00,34.70,8.56,60.54,-8.34,-2.03,156.00,172.67,23.46,284.50,19.93,86.43,5.68,184.81,29.72,16.00,0.92,16.08,728.41,78.79,0.38,66.05,8.56,9.20,3.47,8.36,0.80,6050,77,258,28,7,7
913,I,drydown,14,CIP398208.33,LM06092013,1.00,1.00,1.00,2.00,24.00,19.00,2.00,47.00,3.00,0.68,58.30,76.00,3.00,38.00,2.00,6.86,110.00,49.80,127.00,3.00,1.00,47.40,7.16,3.00,5.00,45.60,7.08,65.58,,-3.00,128.00,136.87,14.33,116.55,10.62,71.66,7.67,92.70,19.63,12.00,0.78,21.18,417.78,52.25,0.38,,4.42,11.83,4.45,1.94,0.08,3327,64,232,30,7,7
914,II,drydown,14,CIP398208.33,LM06092013,1.00,1.00,1.00,2.00,22.00,28.00,3.00,56.00,5.00,0.88,62.50,89.00,5.00,51.00,3.00,9.23,120.00,49.50,137.00,5.00,3.00,48.80,8.74,5.00,5.00,46.40,8.36,59.95,,-2.70,137.00,156.21,20.96,164.45,17.86,68.01,5.33,107.32,27.86,3.00,0.90,25.96,495.99,72.01,0.39,,6.07,11.87,4.59,3.52,0.08,3812,53,182,40,7,5
917,II,wellwater,14,CIP398208.33,LM06092013,1.00,1.00,1.00,2.00,21.00,25.00,2.00,57.00,5.00,0.79,62.30,88.00,3.00,56.00,2.00,8.81,120.00,43.70,157.00,5.00,1.00,39.10,8.91,1.00,5.00,39.10,8.77,71.70,16.40,-2.20,157.00,270.23,22.04,244.97,17.86,112.96,6.61,209.87,37.46,14.00,0.90,17.85,838.03,83.97,0.45,74.37,9.06,9.27,4.14,8.86,0.78,9221,110,418,40,7,7
919,III,wellwater,14,CIP398208.33,LM06092013,1.00,1.00,1.00,2.00,18.00,22.00,2.00,57.00,5.00,0.89,64.90,88.00,5.00,43.00,2.00,8.42,118.00,47.10,147.00,7.00,1.00,35.30,7.44,7.00,9.00,27.80,8.69,59.66,-0.37,-2.20,148.00,14.62,10.07,136.42,14.57,75.20,4.56,129.35,18.21,20.00,0.53,14.08,355.59,47.41,0.38,104.61,7.93,5.98,2.30,7.73,0.89,,,,40,5,7
921,IV,wellwater,14,CIP398208.33,LM06092013,1.00,1.00,1.00,2.00,24.00,25.00,2.00,55.00,3.00,0.70,58.90,86.00,3.00,46.00,2.00,7.30,120.00,46.40,150.00,5.00,1.00,39.70,7.14,1.00,5.00,38.00,7.64,66.91,16.95,-2.07,151.00,284.03,24.48,236.38,17.89,107.61,6.87,301.70,53.68,11.00,0.99,17.79,929.72,102.92,0.52,42.79,9.49,10.85,5.66,9.29,0.78,9776,95,399,40,5,7
922,III,drydown,14,CIP398208.33,LM06092013,1.00,1.00,1.00,2.00,20.00,24.00,2.00,51.00,3.00,0.73,57.10,85.00,5.00,40.00,2.00,9.08,116.00,47.70,134.00,5.00,1.00,48.80,7.81,5.00,5.00,43.80,7.57,59.88,,-3.07,134.00,137.84,15.91,141.90,13.37,81.88,7.24,81.45,19.05,15.00,0.77,23.39,443.07,55.57,0.34,,4.70,11.82,4.05,2.29,0.05,3450,62,217,40,7,7
923,IV,drydown,14,CIP398208.33,LM06092013,1.00,1.00,1.00,3.00,16.00,28.00,3.00,49.00,5.00,0.73,59.30,81.00,3.00,48.00,3.00,7.88,112.00,45.30,127.00,5.00,3.00,40.30,8.09,5.00,5.00,47.90,7.96,55.56,,-3.13,124.00,127.18,18.43,114.63,13.97,53.58,5.92,98.49,22.97,15.00,0.93,23.32,393.88,61.29,0.37,,5.79,10.59,3.97,3.18,0.00,3318,54,180,40,7,7
924,V,drydown,14,CIP398208.33,LM06092013,1.00,1.00,1.00,4.00,15.00,29.00,4.00,46.00,3.00,0.63,56.90,75.00,3.00,48.00,4.00,5.77,116.00,48.50,120.00,3.00,1.00,48.20,6.29,5.00,5.00,46.10,5.83,49.27,,-2.63,117.00,132.27,16.13,116.84,12.94,57.24,5.77,125.90,30.27,25.00,0.86,24.04,432.25,65.11,0.46,,4.97,13.10,6.09,2.38,0.01,3665,56,227,,,
925,V,wellwater,14,CIP398208.33,LM06092013,1.00,1.00,1.00,2.00,24.00,24.00,2.00,52.00,5.00,0.78,61.80,83.00,3.00,36.00,2.00,8.16,115.00,48.60,137.00,7.00,1.00,38.60,7.89,1.00,5.00,36.30,8.69,65.13,24.35,-2.37,135.00,307.40,27.58,283.51,23.96,104.90,7.23,,,,0.88,,695.81,58.77,,,11.50,5.11,,11.30,0.73,8979,153,326,32,7,7
926,I,wellwater,15,CIP398208.620,,1.00,1.00,1.00,2.00,17.00,22.00,2.00,56.00,5.00,0.83,58.20,107.00,5.00,37.00,2.00,8.55,140.00,44.00,148.00,7.00,1.00,42.20,8.89,3.00,5.00,37.80,8.76,70.25,26.10,-2.87,145.00,223.18,18.08,170.96,12.14,42.63,2.82,368.63,68.86,10.00,1.21,18.68,805.40,101.90,0.68,73.38,9.34,10.91,7.37,9.14,0.81,,,,28,5,5
927,II,wellwater,15,CIP398208.620,,0.00,1.00,1.00,2.00,9.00,18.00,2.00,49.00,3.00,0.69,54.40,100.00,3.00,32.00,2.00,7.95,135.00,44.10,144.00,5.00,1.00,45.40,8.13,3.00,5.00,44.80,8.11,70.61,32.45,-2.13,147.00,207.98,16.68,153.79,11.78,31.02,2.48,396.85,78.64,8.00,1.17,19.82,789.64,109.58,0.72,,9.81,11.17,8.01,9.61,0.75,6305,58,378,35,5,5
929,III,wellwater,15,CIP398208.620,,1.00,1.00,1.00,2.00,16.00,19.00,2.00,53.00,5.00,0.77,56.00,99.00,5.00,34.00,2.00,7.82,136.00,44.40,142.00,7.00,1.00,41.90,8.23,3.00,5.00,41.30,8.42,68.39,21.04,-2.50,140.00,199.68,15.48,154.45,11.17,42.82,2.88,404.41,78.62,16.00,1.10,19.44,801.36,108.15,0.73,42.93,10.37,10.43,7.58,10.17,0.82,6303,58,407,35,5,5
930,I,drydown,15,CIP398208.620,,1.00,1.00,1.00,1.00,10.00,18.00,2.00,52.00,3.00,0.70,53.30,103.00,3.00,33.00,2.00,7.83,138.00,49.60,140.00,5.00,3.00,43.40,7.63,7.00,7.00,44.20,7.42,51.91,,-2.87,144.00,72.90,11.22,103.48,11.43,19.80,2.40,215.65,50.53,5.00,0.81,23.43,411.83,75.58,0.67,,6.25,12.09,8.09,3.69,0.02,1815,24,162,25,5,1
932,II,drydown,15,CIP398208.620,,1.00,1.00,1.00,1.00,8.00,19.00,2.00,45.00,5.00,0.84,53.80,90.00,5.00,30.00,2.00,8.66,119.00,47.20,136.00,5.00,3.00,43.40,8.59,5.00,5.00,49.20,8.96,47.69,,-2.73,137.00,106.33,13.31,134.37,11.82,45.80,4.29,101.34,23.78,19.00,0.83,23.47,387.84,53.20,0.45,,4.43,12.01,5.37,1.78,0.02,,,,40,5,7
933,III,drydown,15,CIP398208.620,,0.00,1.00,1.00,2.00,11.00,22.00,2.00,48.00,5.00,0.76,54.80,96.00,3.00,33.00,2.00,8.00,129.00,46.70,144.00,5.00,3.00,44.60,7.59,7.00,7.00,41.30,7.33,54.00,,-2.67,141.00,79.51,10.73,127.54,10.95,40.94,3.93,159.20,33.75,8.00,0.72,21.20,407.19,59.36,0.57,,5.01,11.84,6.73,2.38,0.07,1601,27,149,35,7,5
935,IV,wellwater,15,CIP398208.620,,1.00,1.00,1.00,2.00,12.00,21.00,2.00,54.00,5.00,0.74,54.40,102.00,5.00,39.00,2.00,7.59,130.00,40.40,142.00,5.00,3.00,41.20,7.82,3.00,7.00,40.20,7.77,63.66,2.28,-2.97,145.00,156.01,12.69,171.57,11.76,219.50,1.83,237.13,45.41,7.00,0.93,19.15,784.21,71.69,0.63,,6.73,10.65,6.74,6.53,0.86,,,,25,5,5
936,IV,drydown,15,CIP398208.620,,1.00,1.00,1.00,3.00,13.00,27.00,3.00,52.00,3.00,0.73,52.30,98.00,5.00,46.00,3.00,7.59,129.00,47.60,132.00,3.00,3.00,46.70,7.49,7.00,7.00,45.20,8.35,62.21,,-2.53,135.00,53.48,12.08,105.03,11.19,23.49,2.78,165.49,39.54,15.00,0.86,23.89,347.49,65.59,0.60,,5.50,11.92,7.19,3.01,0.00,,,,30,5,5
939,V,drydown,15,CIP398208.620,,0.00,1.00,1.00,2.00,10.00,18.00,2.00,50.00,5.00,0.72,53.30,101.00,3.00,36.00,2.00,7.37,133.00,48.80,136.00,5.00,3.00,45.80,7.61,7.00,7.00,41.10,7.54,58.64,,-2.90,141.00,59.63,12.56,92.62,10.32,22.82,2.76,217.86,49.95,15.00,0.96,22.93,392.93,75.59,0.66,,6.16,12.27,8.11,3.62,0.02,1177,16,94,30,5,1
940,V,wellwater,15,CIP398208.620,,1.00,1.00,1.00,1.00,12.00,10.00,1.00,48.00,5.00,0.74,59.60,92.00,5.00,23.00,1.00,8.05,130.00,45.40,115.00,7.00,1.00,42.90,8.63,3.00,5.00,38.40,8.69,70.11,16.36,-2.33,147.00,194.68,18.73,151.68,12.13,43.27,3.03,326.89,62.46,6.00,1.24,19.11,716.52,96.35,0.65,79.97,8.18,11.78,7.64,7.98,0.76,6522,68,348,32,5,3